{"is_source_file": true, "format": "Python", "description": "This file provides database utility functions for the music player backend, including environment-based database URL configuration, engine/session management, and context management for database sessions using SQLAlchemy 2.0.", "external_files": ["sqlalchemy", "os"], "external_methods": ["create_engine", "sessionmaker"], "published": ["get_engine", "get_db_session"], "classes": [], "methods": [{"name": "str _build_database_url()", "description": "Constructs a SQLAlchemy database URL from environment variables or raises an error if insufficient info.", "scope": "", "scopeKind": ""}, {"name": "Engine get_engine()", "description": "Returns a lazily-initialized SQLAlchemy Engine instance.", "scope": "", "scopeKind": ""}, {"name": "Generator[Session,None,None] get_db_session()", "description": "Provides a context-managed SQLAlchemy Session, handling commit, rollback, and close.", "scope": "", "scopeKind": ""}], "calls": ["create_engine", "sessionmaker", "os.getenv"], "search-terms": ["database utilities", "SQLAlchemy engine", "session management", "environment variable database URL", "PostgreSQL connection"], "state": 2, "file_id": 5, "knowledge_revision": 11, "git_revision": "", "ctags": [{"_type": "tag", "name": "_ENGINE", "path": "/home/kavia/workspace/code-generation/my-music-library-312322-312338/music_player_backend/src/api/db.py", "pattern": "/^_ENGINE: Optional[Engine] = None$/", "language": "Python", "typeref": "typename:Optional[Engine]", "kind": "variable"}, {"_type": "tag", "name": "_SessionLocal", "path": "/home/kavia/workspace/code-generation/my-music-library-312322-312338/music_player_backend/src/api/db.py", "pattern": "/^_SessionLocal: Optional[sessionmaker] = None$/", "language": "Python", "typeref": "typename:Optional[sessionmaker]", "kind": "variable"}, {"_type": "tag", "name": "_build_database_url", "path": "/home/kavia/workspace/code-generation/my-music-library-312322-312338/music_player_backend/src/api/db.py", "pattern": "/^def _build_database_url() -> str:$/", "language": "Python", "typeref": "typename:str", "kind": "function", "signature": "()"}, {"_type": "tag", "name": "get_db_session", "path": "/home/kavia/workspace/code-generation/my-music-library-312322-312338/music_player_backend/src/api/db.py", "pattern": "/^def get_db_session() -> Generator[Session, None, None]:$/", "language": "Python", "typeref": "typename:Generator[Session,None,None]", "kind": "function", "signature": "()"}, {"_type": "tag", "name": "get_engine", "path": "/home/kavia/workspace/code-generation/my-music-library-312322-312338/music_player_backend/src/api/db.py", "pattern": "/^def get_engine() -> Engine:$/", "language": "Python", "typeref": "typename:Engine", "kind": "function", "signature": "()"}], "hash": "f97c3e040f4b0bb38849560557110999", "format-version": 4, "code-base-name": "music_player_backend", "filename": "music_player_backend/src/api/db.py", "fields": [{"name": "Optional[Engine] _ENGINE", "scope": "", "scopeKind": "", "description": "unavailable"}, {"name": "Optional[sessionmaker] _SessionLocal", "scope": "", "scopeKind": "", "description": "unavailable"}], "revision_history": [{"11": ""}]}