{"is_source_file": true, "format": "Python", "description": "This file defines API routes for managing music songs, including listing all songs, uploading new songs, and streaming individual songs with HTTP range support. It is part of a FastAPI backend for a music library application.", "external_files": ["src.api.db", "src.api.models", "src.api.schemas"], "external_methods": ["db_session_dep", "get_db_session", "select", "desc", "Song"], "published": ["list_songs", "upload_song", "stream_song"], "classes": [], "methods": [{"name": "Path _media_root()", "description": "Determines the directory where media files are stored, based on configuration and fallback logic.", "scope": "", "scopeKind": ""}, {"name": "None _json_404(detail: str)", "description": "Raises a 404 HTTP exception with a JSON error message.", "scope": "", "scopeKind": ""}, {"name": "Path _resolve_song_media_path(song_filename: str)", "description": "Resolves the absolute path of a song file, handling relative paths, fallbacks, and security checks against path traversal.", "scope": "", "scopeKind": ""}, {"name": "int _max_file_bytes()", "description": "Retrieves the maximum upload size in bytes from environment variables, with a default fallback.", "scope": "", "scopeKind": ""}, {"name": "str _sanitize_filename(name: str)", "description": "Sanitizes filenames to contain only safe characters.", "scope": "", "scopeKind": ""}, {"name": "Tuple[str,int] _validate_mp3(upload: UploadFile, content: bytes)", "description": "Performs basic validation on uploaded MP3 files, including content type, extension, and magic headers.", "scope": "", "scopeKind": ""}, {"name": "Optional[Tuple[int,int]] _parse_range_header(range_header: str, file_size: int)", "description": "Parses the HTTP Range header to support partial content delivery during streaming.", "scope": "", "scopeKind": ""}, {"name": "Iterator[bytes] _iter_file_range(path: Path, start: int, end: int, chunk_size: int = 1024 * 1024)", "description": "Streams a specific byte range from a file in chunks.", "scope": "", "scopeKind": ""}, {"name": "List[SongResponse] list_songs(db: Session = Depends(db_session_dep))", "scope": "", "scopeKind": "", "description": "unavailable"}, {"name": "stream_song(song_id: uuid.UUID, request: Request)", "scope": "", "scopeKind": "", "description": "unavailable"}, {"name": "SongUploadResponse upload_song( file: UploadFile = File(..., description=\"MP3 file upload (multipart/form-data)\"), title: Optional[str] = Form(None, description=\"Optional title. Defaults to original filename stem.\"), artist: Optional[str] = Form(None, description=\"Optional artist. Defaults to 'Unknown Artist'.\"), )", "scope": "", "scopeKind": "", "description": "unavailable"}], "calls": ["select(Song)", "select(Song).where(Song.id == song_id)", "Path.write_bytes", "Path.stat", "_iter_file_range"], "search-terms": ["routes_songs.py", "song upload endpoint", "stream song with range", "media path resolution", "FastAPI songs API"], "state": 2, "file_id": 9, "knowledge_revision": 53, "git_revision": "81ab8391e989e94d68ed0abbbc50df63a8f99bd4", "revision_history": [{"19": ""}, {"26": "b0a125ba70a6bed9574197d27aa72463f70f6a00"}, {"30": "b0a125ba70a6bed9574197d27aa72463f70f6a00"}, {"36": "dc31b44fbebc824c830bff0ac26a3f27b09cc97d"}, {"37": "dc31b44fbebc824c830bff0ac26a3f27b09cc97d"}, {"38": "9b1804294836eb44538238b05c2cb86bb5a1229d"}, {"44": "1557003ce32402515df7320065bef2a8083270a7"}, {"45": "1557003ce32402515df7320065bef2a8083270a7"}, {"46": "715b48aae058172aa91c0fdd1a69bc96c5f5d338"}, {"47": "715b48aae058172aa91c0fdd1a69bc96c5f5d338"}, {"48": "c3b701783fb1f40943ce32766fb215880b33d6f9"}, {"49": "c3b701783fb1f40943ce32766fb215880b33d6f9"}, {"50": "c3b701783fb1f40943ce32766fb215880b33d6f9"}, {"51": "bcbf1acdc4235e940a37c01f26b0cc151e88372d"}, {"52": "81ab8391e989e94d68ed0abbbc50df63a8f99bd4"}, {"53": "81ab8391e989e94d68ed0abbbc50df63a8f99bd4"}], "ctags": [{"_type": "tag", "name": "_BACKEND_ROOT", "path": "/home/kavia/workspace/code-generation/my-music-library-312322-312338/music_player_backend/src/api/routes_songs.py", "pattern": "/^_BACKEND_ROOT = Path(__file__).resolve().parents[2]$/", "language": "Python", "kind": "variable"}, {"_type": "tag", "name": "_MAX_FILE_BYTES_DEFAULT", "path": "/home/kavia/workspace/code-generation/my-music-library-312322-312338/music_player_backend/src/api/routes_songs.py", "pattern": "/^_MAX_FILE_BYTES_DEFAULT = 50 * 1024 * 1024  # 50MB$/", "language": "Python", "kind": "variable"}, {"_type": "tag", "name": "_iter_file_range", "path": "/home/kavia/workspace/code-generation/my-music-library-312322-312338/music_player_backend/src/api/routes_songs.py", "pattern": "/^def _iter_file_range(path: Path, start: int, end: int, chunk_size: int = 1024 * 1024) -> Iterato/", "language": "Python", "typeref": "typename:Iterator[bytes]", "kind": "function", "signature": "(path: Path, start: int, end: int, chunk_size: int = 1024 * 1024)"}, {"_type": "tag", "name": "_json_404", "path": "/home/kavia/workspace/code-generation/my-music-library-312322-312338/music_player_backend/src/api/routes_songs.py", "pattern": "/^def _json_404(detail: str) -> None:$/", "language": "Python", "typeref": "typename:None", "kind": "function", "signature": "(detail: str)"}, {"_type": "tag", "name": "_max_file_bytes", "path": "/home/kavia/workspace/code-generation/my-music-library-312322-312338/music_player_backend/src/api/routes_songs.py", "pattern": "/^def _max_file_bytes() -> int:$/", "language": "Python", "typeref": "typename:int", "kind": "function", "signature": "()"}, {"_type": "tag", "name": "_media_root", "path": "/home/kavia/workspace/code-generation/my-music-library-312322-312338/music_player_backend/src/api/routes_songs.py", "pattern": "/^def _media_root() -> Path:$/", "language": "Python", "typeref": "typename:Path", "kind": "function", "signature": "()"}, {"_type": "tag", "name": "_parse_range_header", "path": "/home/kavia/workspace/code-generation/my-music-library-312322-312338/music_player_backend/src/api/routes_songs.py", "pattern": "/^def _parse_range_header(range_header: str, file_size: int) -> Optional[Tuple[int, int]]:$/", "language": "Python", "typeref": "typename:Optional[Tuple[int,int]]", "kind": "function", "signature": "(range_header: str, file_size: int)"}, {"_type": "tag", "name": "_resolve_song_media_path", "path": "/home/kavia/workspace/code-generation/my-music-library-312322-312338/music_player_backend/src/api/routes_songs.py", "pattern": "/^def _resolve_song_media_path(song_filename: str) -> Path:$/", "language": "Python", "typeref": "typename:Path", "kind": "function", "signature": "(song_filename: str)"}, {"_type": "tag", "name": "_sanitize_filename", "path": "/home/kavia/workspace/code-generation/my-music-library-312322-312338/music_player_backend/src/api/routes_songs.py", "pattern": "/^def _sanitize_filename(name: str) -> str:$/", "language": "Python", "typeref": "typename:str", "kind": "function", "signature": "(name: str)"}, {"_type": "tag", "name": "_validate_mp3", "path": "/home/kavia/workspace/code-generation/my-music-library-312322-312338/music_player_backend/src/api/routes_songs.py", "pattern": "/^def _validate_mp3(upload: UploadFile, content: bytes) -> Tuple[str, int]:$/", "language": "Python", "typeref": "typename:Tuple[str,int]", "kind": "function", "signature": "(upload: UploadFile, content: bytes)"}, {"_type": "tag", "name": "list_songs", "path": "/home/kavia/workspace/code-generation/my-music-library-312322-312338/music_player_backend/src/api/routes_songs.py", "pattern": "/^def list_songs(db: Session = Depends(db_session_dep)) -> List[SongResponse]:$/", "language": "Python", "typeref": "typename:List[SongResponse]", "kind": "function", "signature": "(db: Session = Depends(db_session_dep))"}, {"_type": "tag", "name": "logger", "path": "/home/kavia/workspace/code-generation/my-music-library-312322-312338/music_player_backend/src/api/routes_songs.py", "pattern": "/^logger = logging.getLogger(__name__)$/", "language": "Python", "kind": "variable"}, {"_type": "tag", "name": "router", "path": "/home/kavia/workspace/code-generation/my-music-library-312322-312338/music_player_backend/src/api/routes_songs.py", "pattern": "/^router = APIRouter(tags=[\"Songs\"])$/", "language": "Python", "kind": "variable"}, {"_type": "tag", "name": "stream_song", "path": "/home/kavia/workspace/code-generation/my-music-library-312322-312338/music_player_backend/src/api/routes_songs.py", "pattern": "/^def stream_song(song_id: uuid.UUID, request: Request):$/", "language": "Python", "kind": "function", "signature": "(song_id: uuid.UUID, request: Request)"}, {"_type": "tag", "name": "upload_song", "path": "/home/kavia/workspace/code-generation/my-music-library-312322-312338/music_player_backend/src/api/routes_songs.py", "pattern": "/^def upload_song($/", "language": "Python", "typeref": "typename:SongUploadResponse", "kind": "function", "signature": "( file: UploadFile = File(..., description=\"MP3 file upload (multipart/form-data)\"), title: Optional[str] = Form(None, description=\"Optional title. Defaults to original filename stem.\"), artist: Optional[str] = Form(None, description=\"Optional artist. Defaults to 'Unknown Artist'.\"), )"}], "hash": "e85b985c3109a46cb987bd5dc36513af", "format-version": 4, "code-base-name": "music_player_backend", "filename": "music_player_backend/src/api/routes_songs.py", "fields": [{"name": "_BACKEND_ROOT = Path(__file__).resolve().parents[2]", "scope": "", "scopeKind": "", "description": "unavailable"}, {"name": "_MAX_FILE_BYTES_DEFAULT = 50 * 1024 * 1024  # 50MB", "scope": "", "scopeKind": "", "description": "unavailable"}, {"name": "logger = logging.getLogger(__name__)", "scope": "", "scopeKind": "", "description": "unavailable"}, {"name": "router = APIRouter(tags=[\"Songs\"])", "scope": "", "scopeKind": "", "description": "unavailable"}]}