{"is_source_file": true, "format": "Python", "description": "Main FastAPI application setup for the music player backend API, including route registration, CORS middleware configuration, and a health check endpoint.", "external_files": ["src.api.routes_auth", "src.api.routes_songs"], "external_methods": ["fastapi.FastAPI", "fastapi.middleware.cors.CORSMiddleware", "src.api.routes_auth.router", "src.api.routes_songs.router", "os.getenv"], "published": ["app"], "classes": [], "methods": [{"name": "health_check()", "description": "A simple health check endpoint returning a status message.", "scope": "", "scopeKind": ""}], "calls": ["CORSMiddleware", "app.include_router", "app.add_middleware", "app.get"], "search-terms": ["FastAPI setup", "CORS middleware", "API routes registration", "health check endpoint", "music player backend"], "state": 2, "file_id": 2, "knowledge_revision": 22, "git_revision": "457d18cd5603591dd71f7cdbf8cfca9d9d5f2497", "revision_history": [{"9": "457d18cd5603591dd71f7cdbf8cfca9d9d5f2497"}, {"22": "457d18cd5603591dd71f7cdbf8cfca9d9d5f2497"}], "ctags": [{"_type": "tag", "name": "_os", "path": "/home/kavia/workspace/code-generation/my-music-library-312322-312338/music_player_backend/src/api/main.py", "pattern": "/^import os as _os$/", "language": "Python", "kind": "namespace", "nameref": "module:os"}, {"_type": "tag", "name": "app", "path": "/home/kavia/workspace/code-generation/my-music-library-312322-312338/music_player_backend/src/api/main.py", "pattern": "/^app = FastAPI($/", "language": "Python", "kind": "variable"}, {"_type": "tag", "name": "auth_router", "path": "/home/kavia/workspace/code-generation/my-music-library-312322-312338/music_player_backend/src/api/main.py", "pattern": "/^from src.api.routes_auth import router as auth_router$/", "language": "Python", "kind": "unknown", "nameref": "unknown:router"}, {"_type": "tag", "name": "cors_origins", "path": "/home/kavia/workspace/code-generation/my-music-library-312322-312338/music_player_backend/src/api/main.py", "pattern": "/^cors_origins = [$/", "language": "Python", "kind": "variable"}, {"_type": "tag", "name": "extra_origins", "path": "/home/kavia/workspace/code-generation/my-music-library-312322-312338/music_player_backend/src/api/main.py", "pattern": "/^extra_origins = [o.strip() for o in (_os.getenv(\"CORS_ALLOW_ORIGINS\", \"\")).split(\",\") if o.strip/", "language": "Python", "kind": "variable"}, {"_type": "tag", "name": "health_check", "path": "/home/kavia/workspace/code-generation/my-music-library-312322-312338/music_player_backend/src/api/main.py", "pattern": "/^def health_check():$/", "language": "Python", "kind": "function", "signature": "()"}, {"_type": "tag", "name": "openapi_tags", "path": "/home/kavia/workspace/code-generation/my-music-library-312322-312338/music_player_backend/src/api/main.py", "pattern": "/^openapi_tags = [$/", "language": "Python", "kind": "variable"}, {"_type": "tag", "name": "songs_router", "path": "/home/kavia/workspace/code-generation/my-music-library-312322-312338/music_player_backend/src/api/main.py", "pattern": "/^from src.api.routes_songs import router as songs_router$/", "language": "Python", "kind": "unknown", "nameref": "unknown:router"}], "hash": "09ed59d64ac2b0d1ad54f7e38fadd460", "format-version": 4, "code-base-name": "music_player_backend", "filename": "music_player_backend/src/api/main.py", "fields": [{"name": "app = FastAPI(", "scope": "", "scopeKind": "", "description": "unavailable"}, {"name": "cors_origins = [", "scope": "", "scopeKind": "", "description": "unavailable"}, {"name": "extra_origins = [o.strip() for o in (_os.getenv(\"CORS_ALLOW_ORIGINS\", \"\")).split(\",\") if o.strip/", "scope": "", "scopeKind": "", "description": "unavailable"}, {"name": "openapi_tags = [", "scope": "", "scopeKind": "", "description": "unavailable"}]}