{"is_source_file": true, "format": "Python", "description": "This file provides utility functions for database connection management in a backend music player application. It includes URL normalization, environment-based configuration, engine/session creation, and FastAPI integration for dependency injection.", "external_files": ["sqlalchemy", "fastapi"], "external_methods": ["create_engine", "sessionmaker", "HTTPException"], "published": ["get_engine", "get_db_session", "db_session_dep"], "classes": [], "methods": [{"name": "str _redact_sqlalchemy_url(url: str)", "description": "Redacts password information from a SQLAlchemy database URL for secure logging.", "scope": "", "scopeKind": ""}, {"name": "str _normalize_sqlalchemy_database_url(database_url: str)", "description": "Converts deprecated PostgreSQL URL schemas to standard form.", "scope": "", "scopeKind": ""}, {"name": "str _build_database_url()", "description": "Builds the SQLAlchemy database URL from environment variables with support for various configuration styles.", "scope": "", "scopeKind": ""}, {"name": "Engine get_engine()", "description": "Lazily creates and returns the SQLAlchemy Engine instance.", "scope": "", "scopeKind": ""}, {"name": "Generator[Session,None,None] get_db_session()", "description": "Context manager that yields a SQLAlchemy Session, handling commit and rollback.", "scope": "", "scopeKind": ""}, {"name": "Generator[Session,None,None] db_session_dep()", "description": "FastAPI dependency providing a database session with proper error handling and HTTP responses.", "scope": "", "scopeKind": ""}], "calls": ["create_engine", "sessionmaker", "urlparse", "urlunparse", "HTTPException", "get_engine", "get_db_session"], "search-terms": ["SQLAlchemy", "database URL construction", "FastAPI database dependency", "PostgreSQL URL normalization", "Environment variable database config"], "state": 3, "file_id": 5, "knowledge_revision": 42, "git_revision": "1557003ce32402515df7320065bef2a8083270a7", "revision_history": [{"11": ""}, {"24": "b0a125ba70a6bed9574197d27aa72463f70f6a00"}, {"39": "b0a125ba70a6bed9574197d27aa72463f70f6a00"}, {"40": "b0a125ba70a6bed9574197d27aa72463f70f6a00"}, {"41": "b0a125ba70a6bed9574197d27aa72463f70f6a00"}, {"42": "1557003ce32402515df7320065bef2a8083270a7"}], "ctags": [{"_type": "tag", "name": "_ENGINE", "path": "/home/kavia/workspace/code-generation/my-music-library-312322-312338/music_player_backend/src/api/db.py", "pattern": "/^_ENGINE: Optional[Engine] = None$/", "language": "Python", "typeref": "typename:Optional[Engine]", "kind": "variable"}, {"_type": "tag", "name": "_SessionLocal", "path": "/home/kavia/workspace/code-generation/my-music-library-312322-312338/music_player_backend/src/api/db.py", "pattern": "/^_SessionLocal: Optional[sessionmaker] = None$/", "language": "Python", "typeref": "typename:Optional[sessionmaker]", "kind": "variable"}, {"_type": "tag", "name": "_build_database_url", "path": "/home/kavia/workspace/code-generation/my-music-library-312322-312338/music_player_backend/src/api/db.py", "pattern": "/^def _build_database_url() -> str:$/", "language": "Python", "typeref": "typename:str", "kind": "function", "signature": "()"}, {"_type": "tag", "name": "_normalize_sqlalchemy_database_url", "path": "/home/kavia/workspace/code-generation/my-music-library-312322-312338/music_player_backend/src/api/db.py", "pattern": "/^def _normalize_sqlalchemy_database_url(database_url: str) -> str:$/", "language": "Python", "typeref": "typename:str", "kind": "function", "signature": "(database_url: str)"}, {"_type": "tag", "name": "_redact_sqlalchemy_url", "path": "/home/kavia/workspace/code-generation/my-music-library-312322-312338/music_player_backend/src/api/db.py", "pattern": "/^def _redact_sqlalchemy_url(url: str) -> str:$/", "language": "Python", "typeref": "typename:str", "kind": "function", "signature": "(url: str)"}, {"_type": "tag", "name": "db_session_dep", "path": "/home/kavia/workspace/code-generation/my-music-library-312322-312338/music_player_backend/src/api/db.py", "pattern": "/^def db_session_dep() -> Generator[Session, None, None]:$/", "language": "Python", "typeref": "typename:Generator[Session,None,None]", "kind": "function", "signature": "()"}, {"_type": "tag", "name": "get_db_session", "path": "/home/kavia/workspace/code-generation/my-music-library-312322-312338/music_player_backend/src/api/db.py", "pattern": "/^def get_db_session() -> Generator[Session, None, None]:$/", "language": "Python", "typeref": "typename:Generator[Session,None,None]", "kind": "function", "signature": "()"}, {"_type": "tag", "name": "get_engine", "path": "/home/kavia/workspace/code-generation/my-music-library-312322-312338/music_player_backend/src/api/db.py", "pattern": "/^def get_engine() -> Engine:$/", "language": "Python", "typeref": "typename:Engine", "kind": "function", "signature": "()"}, {"_type": "tag", "name": "logger", "path": "/home/kavia/workspace/code-generation/my-music-library-312322-312338/music_player_backend/src/api/db.py", "pattern": "/^logger = logging.getLogger(__name__)$/", "language": "Python", "kind": "variable"}], "hash": "bd4f054174044d4d08989ee3373a4006", "format-version": 4, "code-base-name": "music_player_backend", "filename": "music_player_backend/src/api/db.py", "fields": [{"name": "Optional[Engine] _ENGINE", "scope": "", "scopeKind": "", "description": "unavailable"}, {"name": "Optional[sessionmaker] _SessionLocal", "scope": "", "scopeKind": "", "description": "unavailable"}, {"name": "logger = logging.getLogger(__name__)", "scope": "", "scopeKind": "", "description": "unavailable"}]}