{"is_source_file": true, "format": "Python", "description": "This file is the main entry point for a FastAPI-based backend service for a music player application. It sets up the application, configures CORS policies, includes API routes, and provides a health check endpoint.", "external_files": ["src.api.routes_songs"], "external_methods": ["fastapi.FastAPI", "fastapi.middleware.cors.CORSMiddleware", "src.api.routes_songs.router", "os.getenv"], "published": ["health_check"], "classes": [], "methods": [{"name": "health_check()", "description": "Returns a simple JSON object indicating the service status.", "scope": "", "scopeKind": ""}], "calls": ["fastapi.FastAPI", "fastapi.middleware.cors.CORSMiddleware", "src.api.routes_songs.router", "os.getenv", "app.include_router"], "search-terms": ["FastAPI main application", "CORS configuration", "health check endpoint", "music player backend", "public API"], "state": 2, "file_id": 2, "knowledge_revision": 66, "git_revision": "dc31b44fbebc824c830bff0ac26a3f27b09cc97d", "revision_history": [{"9": "457d18cd5603591dd71f7cdbf8cfca9d9d5f2497"}, {"22": "457d18cd5603591dd71f7cdbf8cfca9d9d5f2497"}, {"27": "6d58a392bfe371efb85c8c8c61a512f7bb07c95c"}, {"31": "6d58a392bfe371efb85c8c8c61a512f7bb07c95c"}, {"66": "dc31b44fbebc824c830bff0ac26a3f27b09cc97d"}], "ctags": [{"_type": "tag", "name": "_allow_origins_raw", "path": "/home/kavia/workspace/code-generation/my-music-library-312322-312338/music_player_backend/src/api/main.py", "pattern": "/^_allow_origins_raw = _os.getenv(\"CORS_ALLOW_ORIGINS\") or _os.getenv(\"ALLOWED_ORIGINS\", \"\")$/", "language": "Python", "kind": "variable"}, {"_type": "tag", "name": "_os", "path": "/home/kavia/workspace/code-generation/my-music-library-312322-312338/music_player_backend/src/api/main.py", "pattern": "/^import os as _os$/", "language": "Python", "kind": "namespace", "nameref": "module:os"}, {"_type": "tag", "name": "app", "path": "/home/kavia/workspace/code-generation/my-music-library-312322-312338/music_player_backend/src/api/main.py", "pattern": "/^app = FastAPI($/", "language": "Python", "kind": "variable"}, {"_type": "tag", "name": "cors_origins", "path": "/home/kavia/workspace/code-generation/my-music-library-312322-312338/music_player_backend/src/api/main.py", "pattern": "/^cors_origins = [$/", "language": "Python", "kind": "variable"}, {"_type": "tag", "name": "extra_origins", "path": "/home/kavia/workspace/code-generation/my-music-library-312322-312338/music_player_backend/src/api/main.py", "pattern": "/^extra_origins = [o.strip() for o in _allow_origins_raw.split(\",\") if o.strip()]$/", "language": "Python", "kind": "variable"}, {"_type": "tag", "name": "health_check", "path": "/home/kavia/workspace/code-generation/my-music-library-312322-312338/music_player_backend/src/api/main.py", "pattern": "/^def health_check():$/", "language": "Python", "kind": "function", "signature": "()"}, {"_type": "tag", "name": "openapi_tags", "path": "/home/kavia/workspace/code-generation/my-music-library-312322-312338/music_player_backend/src/api/main.py", "pattern": "/^openapi_tags = [$/", "language": "Python", "kind": "variable"}, {"_type": "tag", "name": "songs_router", "path": "/home/kavia/workspace/code-generation/my-music-library-312322-312338/music_player_backend/src/api/main.py", "pattern": "/^from src.api.routes_songs import router as songs_router$/", "language": "Python", "kind": "unknown", "nameref": "unknown:router"}], "hash": "9c713d4f2919420cf1f502d76aec5aef", "format-version": 4, "code-base-name": "music_player_backend", "filename": "music_player_backend/src/api/main.py", "fields": [{"name": "_allow_origins_raw = _os.getenv(\"CORS_ALLOW_ORIGINS\") or _os.getenv(\"ALLOWED_ORIGINS\", \"\")", "scope": "", "scopeKind": "", "description": "unavailable"}, {"name": "app = FastAPI(", "scope": "", "scopeKind": "", "description": "unavailable"}, {"name": "cors_origins = [", "scope": "", "scopeKind": "", "description": "unavailable"}, {"name": "extra_origins = [o.strip() for o in _allow_origins_raw.split(\",\") if o.strip()]", "scope": "", "scopeKind": "", "description": "unavailable"}, {"name": "openapi_tags = [", "scope": "", "scopeKind": "", "description": "unavailable"}]}