{"is_source_file": true, "format": "Python", "description": "This source file defines API endpoints related to authentication, including user registration and login, using FastAPI. It manages user creation, password verification, and JWT token issuance.", "external_files": ["src.api.auth", "src.api.db", "src.api.models", "src.api.schemas"], "external_methods": ["create_access_token", "hash_password", "verify_password", "get_db_session"], "published": ["router"], "classes": [], "methods": [{"name": "AuthTokenResponse register(req: AuthRegisterRequest)", "description": "Handles user registration by creating a new user record and returning a JWT token.", "scope": "", "scopeKind": ""}, {"name": "AuthTokenResponse login(req: AuthLoginRequest)", "description": "Handles user login by verifying credentials and returning a JWT token.", "scope": "", "scopeKind": ""}], "calls": ["select", "db.execute", "db.flush", "create_access_token", "hash_password", "verify_password"], "search-terms": ["routes_auth.py", "Auth endpoints", "register", "login", "JWT token", "FastAPI", "AuthRouter"], "state": 2, "file_id": 10, "knowledge_revision": 21, "git_revision": "", "ctags": [{"_type": "tag", "name": "login", "path": "/home/kavia/workspace/code-generation/my-music-library-312322-312338/music_player_backend/src/api/routes_auth.py", "pattern": "/^def login(req: AuthLoginRequest) -> AuthTokenResponse:$/", "language": "Python", "typeref": "typename:AuthTokenResponse", "kind": "function", "signature": "(req: AuthLoginRequest)"}, {"_type": "tag", "name": "register", "path": "/home/kavia/workspace/code-generation/my-music-library-312322-312338/music_player_backend/src/api/routes_auth.py", "pattern": "/^def register(req: AuthRegisterRequest) -> AuthTokenResponse:$/", "language": "Python", "typeref": "typename:AuthTokenResponse", "kind": "function", "signature": "(req: AuthRegisterRequest)"}, {"_type": "tag", "name": "router", "path": "/home/kavia/workspace/code-generation/my-music-library-312322-312338/music_player_backend/src/api/routes_auth.py", "pattern": "/^router = APIRouter(prefix=\"\\/auth\", tags=[\"Auth\"])$/", "language": "Python", "kind": "variable"}], "hash": "d4ca3ad381c4779c1c12357398fff8fb", "format-version": 4, "code-base-name": "music_player_backend", "filename": "music_player_backend/src/api/routes_auth.py", "fields": [{"name": "router = APIRouter(prefix=\"\\/auth\", tags=[\"Auth\"])", "scope": "", "scopeKind": "", "description": "unavailable"}], "revision_history": [{"21": ""}]}