{"is_source_file": true, "format": "Python", "description": "This file provides database utility functions for a music player's backend, including connection management, environment variable configuration, and error handling using SQLAlchemy and FastAPI.", "external_files": ["os", "contextlib", "typing", "sqlalchemy", "fastapi"], "external_methods": ["create_engine", "sessionmaker", "HTTPException"], "published": ["get_engine", "get_db_session", "db_session_dep"], "classes": [], "methods": [{"name": "str _build_database_url()", "description": "Constructs the database URL from environment variables, supporting full URL or individual env vars.", "scope": "", "scopeKind": ""}, {"name": "Engine get_engine()", "description": "Lazily initializes and returns the SQLAlchemy engine.", "scope": "", "scopeKind": ""}, {"name": "Generator[Session,None,None] get_db_session()", "description": "Context manager that yields a SQLAlchemy session, handling commit and rollback.", "scope": "", "scopeKind": ""}, {"name": "Generator[Session,None,None] db_session_dep()", "description": "FastAPI dependency that provides a database session with error handling and converts errors into HTTP exceptions.", "scope": "", "scopeKind": ""}], "calls": ["create_engine", "sessionmaker", "os.getenv", "get_engine", "get_db_session", "HTTPException", "raise"], "search-terms": ["SQLAlchemy database URL", "FastAPI database dependency", "session management", "environment variables database config", "database connection utility"], "state": 2, "file_id": 5, "knowledge_revision": 41, "git_revision": "b0a125ba70a6bed9574197d27aa72463f70f6a00", "revision_history": [{"11": ""}, {"24": "b0a125ba70a6bed9574197d27aa72463f70f6a00"}, {"39": "b0a125ba70a6bed9574197d27aa72463f70f6a00"}, {"40": "b0a125ba70a6bed9574197d27aa72463f70f6a00"}, {"41": "b0a125ba70a6bed9574197d27aa72463f70f6a00"}], "ctags": [{"_type": "tag", "name": "_ENGINE", "path": "/home/kavia/workspace/code-generation/my-music-library-312322-312338/music_player_backend/src/api/db.py", "pattern": "/^_ENGINE: Optional[Engine] = None$/", "language": "Python", "typeref": "typename:Optional[Engine]", "kind": "variable"}, {"_type": "tag", "name": "_SessionLocal", "path": "/home/kavia/workspace/code-generation/my-music-library-312322-312338/music_player_backend/src/api/db.py", "pattern": "/^_SessionLocal: Optional[sessionmaker] = None$/", "language": "Python", "typeref": "typename:Optional[sessionmaker]", "kind": "variable"}, {"_type": "tag", "name": "_build_database_url", "path": "/home/kavia/workspace/code-generation/my-music-library-312322-312338/music_player_backend/src/api/db.py", "pattern": "/^def _build_database_url() -> str:$/", "language": "Python", "typeref": "typename:str", "kind": "function", "signature": "()"}, {"_type": "tag", "name": "db_session_dep", "path": "/home/kavia/workspace/code-generation/my-music-library-312322-312338/music_player_backend/src/api/db.py", "pattern": "/^def db_session_dep() -> Generator[Session, None, None]:$/", "language": "Python", "typeref": "typename:Generator[Session,None,None]", "kind": "function", "signature": "()"}, {"_type": "tag", "name": "get_db_session", "path": "/home/kavia/workspace/code-generation/my-music-library-312322-312338/music_player_backend/src/api/db.py", "pattern": "/^def get_db_session() -> Generator[Session, None, None]:$/", "language": "Python", "typeref": "typename:Generator[Session,None,None]", "kind": "function", "signature": "()"}, {"_type": "tag", "name": "get_engine", "path": "/home/kavia/workspace/code-generation/my-music-library-312322-312338/music_player_backend/src/api/db.py", "pattern": "/^def get_engine() -> Engine:$/", "language": "Python", "typeref": "typename:Engine", "kind": "function", "signature": "()"}], "hash": "970e98ba970c57f59035f551693f4123", "format-version": 4, "code-base-name": "music_player_backend", "filename": "music_player_backend/src/api/db.py", "fields": [{"name": "Optional[Engine] _ENGINE", "scope": "", "scopeKind": "", "description": "unavailable"}, {"name": "Optional[sessionmaker] _SessionLocal", "scope": "", "scopeKind": "", "description": "unavailable"}]}