{"is_source_file": true, "format": "Python", "description": "This is an initialization file for the API package of the Music Player backend, intended to define the package and possibly include package-level docstrings.", "external_files": [], "external_methods": [], "published": [], "classes": [], "methods": [], "calls": [], "search-terms": ["music_player_backend", "api", "__init__.py", "package", "no-auth"], "state": 2, "file_id": 3, "knowledge_revision": 33, "git_revision": "457d18cd5603591dd71f7cdbf8cfca9d9d5f2497", "revision_history": [{"7": "457d18cd5603591dd71f7cdbf8cfca9d9d5f2497"}, {"33": "457d18cd5603591dd71f7cdbf8cfca9d9d5f2497"}], "ctags": [], "hash": "1eddb7807137cefe79da75367e948640", "format-version": 4, "code-base-name": "music_player_backend", "filename": "music_player_backend/src/api/__init__.py"}