{"is_source_file": true, "format": "Python", "description": "This file provides authentication utilities for a web backend, including password hashing, JWT token creation and decoding, and user authentication via FastAPI dependencies.", "external_files": ["src.api.db", "src.api.models"], "external_methods": ["get_db_session", "User"], "published": ["hash_password", "verify_password", "create_access_token", "get_current_user"], "classes": [], "methods": [{"name": "str _jwt_secret()", "description": "Retrieves JWT secret key from environment variable, raises error if not set.", "scope": "", "scopeKind": ""}, {"name": "str _jwt_algorithm()", "description": "Gets JWT algorithm from environment variable, defaults to HS256.", "scope": "", "scopeKind": ""}, {"name": "int _jwt_exp_minutes()", "description": "Gets token expiration time in minutes from environment variable, defaults to 4320 (3 days).", "scope": "", "scopeKind": ""}, {"name": "str hash_password(password: str)", "description": "Hashes a plaintext password using bcrypt.", "scope": "", "scopeKind": ""}, {"name": "bool verify_password(password: str, password_hash: str)", "description": "Verifies a plaintext password against its hash.", "scope": "", "scopeKind": ""}, {"name": "str create_access_token(*, user_id: uuid.UUID, email: str)", "description": "Creates a JWT token with user ID and email, with expiration.", "scope": "", "scopeKind": ""}, {"name": "Dict[str,Any] _decode_token(token: str)", "description": "Decodes a JWT token, raises HTTP 401 error if invalid or expired.", "scope": "", "scopeKind": ""}, {"name": "User get_current_user( credentials: Optional[HTTPAuthorizationCredentials] = Depends(_bearer_scheme), )", "description": "FastAPI dependency that validates the JWT token from headers and returns the User object.", "scope": "", "scopeKind": ""}], "calls": ["jwt.encode", "jwt.decode", "get_db_session", "select", "db.execute", "scalar_one_or_none"], "search-terms": ["JWT handling", "Password hashing", "FastAPI auth", "auth utilities", "token creation", "user authentication"], "state": 2, "file_id": 7, "knowledge_revision": 16, "git_revision": "", "ctags": [{"_type": "tag", "name": "_bearer_scheme", "path": "/home/kavia/workspace/code-generation/my-music-library-312322-312338/music_player_backend/src/api/auth.py", "pattern": "/^_bearer_scheme = HTTPBearer(auto_error=False)$/", "language": "Python", "kind": "variable"}, {"_type": "tag", "name": "_decode_token", "path": "/home/kavia/workspace/code-generation/my-music-library-312322-312338/music_player_backend/src/api/auth.py", "pattern": "/^def _decode_token(token: str) -> Dict[str, Any]:$/", "language": "Python", "typeref": "typename:Dict[str,Any]", "kind": "function", "signature": "(token: str)"}, {"_type": "tag", "name": "_jwt_algorithm", "path": "/home/kavia/workspace/code-generation/my-music-library-312322-312338/music_player_backend/src/api/auth.py", "pattern": "/^def _jwt_algorithm() -> str:$/", "language": "Python", "typeref": "typename:str", "kind": "function", "signature": "()"}, {"_type": "tag", "name": "_jwt_exp_minutes", "path": "/home/kavia/workspace/code-generation/my-music-library-312322-312338/music_player_backend/src/api/auth.py", "pattern": "/^def _jwt_exp_minutes() -> int:$/", "language": "Python", "typeref": "typename:int", "kind": "function", "signature": "()"}, {"_type": "tag", "name": "_jwt_secret", "path": "/home/kavia/workspace/code-generation/my-music-library-312322-312338/music_player_backend/src/api/auth.py", "pattern": "/^def _jwt_secret() -> str:$/", "language": "Python", "typeref": "typename:str", "kind": "function", "signature": "()"}, {"_type": "tag", "name": "_pwd_context", "path": "/home/kavia/workspace/code-generation/my-music-library-312322-312338/music_player_backend/src/api/auth.py", "pattern": "/^_pwd_context = CryptContext(schemes=[\"bcrypt\"], deprecated=\"auto\")$/", "language": "Python", "kind": "variable"}, {"_type": "tag", "name": "create_access_token", "path": "/home/kavia/workspace/code-generation/my-music-library-312322-312338/music_player_backend/src/api/auth.py", "pattern": "/^def create_access_token(*, user_id: uuid.UUID, email: str) -> str:$/", "language": "Python", "typeref": "typename:str", "kind": "function", "signature": "(*, user_id: uuid.UUID, email: str)"}, {"_type": "tag", "name": "get_current_user", "path": "/home/kavia/workspace/code-generation/my-music-library-312322-312338/music_player_backend/src/api/auth.py", "pattern": "/^def get_current_user($/", "language": "Python", "typeref": "typename:User", "kind": "function", "signature": "( credentials: Optional[HTTPAuthorizationCredentials] = Depends(_bearer_scheme), )"}, {"_type": "tag", "name": "hash_password", "path": "/home/kavia/workspace/code-generation/my-music-library-312322-312338/music_player_backend/src/api/auth.py", "pattern": "/^def hash_password(password: str) -> str:$/", "language": "Python", "typeref": "typename:str", "kind": "function", "signature": "(password: str)"}, {"_type": "tag", "name": "verify_password", "path": "/home/kavia/workspace/code-generation/my-music-library-312322-312338/music_player_backend/src/api/auth.py", "pattern": "/^def verify_password(password: str, password_hash: str) -> bool:$/", "language": "Python", "typeref": "typename:bool", "kind": "function", "signature": "(password: str, password_hash: str)"}], "hash": "26dc755ed84905f53ccc61bd50b32bda", "format-version": 4, "code-base-name": "music_player_backend", "filename": "music_player_backend/src/api/auth.py", "fields": [{"name": "_bearer_scheme = HTTPBearer(auto_error=False)", "scope": "", "scopeKind": "", "description": "unavailable"}, {"name": "_pwd_context = CryptContext(schemes=[\"bcrypt\"], deprecated=\"auto\")", "scope": "", "scopeKind": "", "description": "unavailable"}], "revision_history": [{"16": ""}]}