{"is_source_file": true, "format": "Python", "description": "This file serves as the entry point for a FastAPI-based music player backend application. It initializes the FastAPI app, configures CORS policies based on environment variables, and includes the route handlers for song-related operations. It also provides a health check endpoint.", "external_files": ["src.api.routes_songs"], "external_methods": ["fastapi.FastAPI", "fastapi.middleware.cors.CORSMiddleware", "src.api.routes_songs.router"], "published": ["app"], "classes": [], "methods": [{"name": "health_check()", "description": "Returns basic service health information.", "scope": "", "scopeKind": ""}], "calls": ["fastapi.FastAPI", "fastapi.middleware.cors.CORSMiddleware", "src.api.routes_songs.router", "_os.getenv"], "search-terms": ["main.py", "FastAPI app initialization", "CORS configuration", "routes_songs", "health endpoint"], "state": 2, "file_id": 2, "knowledge_revision": 31, "git_revision": "6d58a392bfe371efb85c8c8c61a512f7bb07c95c", "revision_history": [{"9": "457d18cd5603591dd71f7cdbf8cfca9d9d5f2497"}, {"22": "457d18cd5603591dd71f7cdbf8cfca9d9d5f2497"}, {"27": "6d58a392bfe371efb85c8c8c61a512f7bb07c95c"}, {"31": "6d58a392bfe371efb85c8c8c61a512f7bb07c95c"}], "ctags": [{"_type": "tag", "name": "_allow_origins_raw", "path": "/home/kavia/workspace/code-generation/my-music-library-312322-312338/music_player_backend/src/api/main.py", "pattern": "/^_allow_origins_raw = _os.getenv(\"CORS_ALLOW_ORIGINS\") or _os.getenv(\"ALLOWED_ORIGINS\", \"\")$/", "language": "Python", "kind": "variable"}, {"_type": "tag", "name": "_os", "path": "/home/kavia/workspace/code-generation/my-music-library-312322-312338/music_player_backend/src/api/main.py", "pattern": "/^import os as _os$/", "language": "Python", "kind": "namespace", "nameref": "module:os"}, {"_type": "tag", "name": "app", "path": "/home/kavia/workspace/code-generation/my-music-library-312322-312338/music_player_backend/src/api/main.py", "pattern": "/^app = FastAPI($/", "language": "Python", "kind": "variable"}, {"_type": "tag", "name": "cors_origins", "path": "/home/kavia/workspace/code-generation/my-music-library-312322-312338/music_player_backend/src/api/main.py", "pattern": "/^cors_origins = [$/", "language": "Python", "kind": "variable"}, {"_type": "tag", "name": "extra_origins", "path": "/home/kavia/workspace/code-generation/my-music-library-312322-312338/music_player_backend/src/api/main.py", "pattern": "/^extra_origins = [o.strip() for o in _allow_origins_raw.split(\",\") if o.strip()]$/", "language": "Python", "kind": "variable"}, {"_type": "tag", "name": "health_check", "path": "/home/kavia/workspace/code-generation/my-music-library-312322-312338/music_player_backend/src/api/main.py", "pattern": "/^def health_check():$/", "language": "Python", "kind": "function", "signature": "()"}, {"_type": "tag", "name": "openapi_tags", "path": "/home/kavia/workspace/code-generation/my-music-library-312322-312338/music_player_backend/src/api/main.py", "pattern": "/^openapi_tags = [$/", "language": "Python", "kind": "variable"}, {"_type": "tag", "name": "songs_router", "path": "/home/kavia/workspace/code-generation/my-music-library-312322-312338/music_player_backend/src/api/main.py", "pattern": "/^from src.api.routes_songs import router as songs_router$/", "language": "Python", "kind": "unknown", "nameref": "unknown:router"}], "hash": "dbd5743a80d97f2bedcdd2cf77848c63", "format-version": 4, "code-base-name": "music_player_backend", "filename": "music_player_backend/src/api/main.py", "fields": [{"name": "_allow_origins_raw = _os.getenv(\"CORS_ALLOW_ORIGINS\") or _os.getenv(\"ALLOWED_ORIGINS\", \"\")", "scope": "", "scopeKind": "", "description": "unavailable"}, {"name": "app = FastAPI(", "scope": "", "scopeKind": "", "description": "unavailable"}, {"name": "cors_origins = [", "scope": "", "scopeKind": "", "description": "unavailable"}, {"name": "extra_origins = [o.strip() for o in _allow_origins_raw.split(\",\") if o.strip()]", "scope": "", "scopeKind": "", "description": "unavailable"}, {"name": "openapi_tags = [", "scope": "", "scopeKind": "", "description": "unavailable"}]}