{"is_source_file": true, "format": "Python (SQLAlchemy ORM model definition)", "description": "This file contains SQLAlchemy ORM model classes for 'User' and 'Song', representing database tables with their respective fields, relationships, and schema metadata for a music library backend.", "external_files": ["sqlalchemy", "sqlalchemy.dialects.postgresql"], "external_methods": ["relationship", "mapped_column", "ForeignKey"], "published": ["User", "Song", "Base"], "classes": [{"name": "Base", "description": "Declarative base class for all ORM models."}, {"name": "User", "description": "Represents a user account with email and password hash, including a relationship to songs."}, {"name": "Song", "description": "Represents a song with metadata, file info, and a relationship to a user."}], "methods": [{"name": "relationship", "description": "Defines relationships between ORM models (e.g., User to Song)."}, {"name": "mapped_column", "description": "Defines a database column mapped to a class attribute."}], "calls": ["relationship", "mapped_column", "ForeignKey"], "search-terms": ["SQLAlchemy models", "PostgreSQL schema", "music_player_backend models", "user songs ORM", "Music library database models"], "state": 2, "file_id": 6, "knowledge_revision": 25, "git_revision": "b0a125ba70a6bed9574197d27aa72463f70f6a00", "revision_history": [{"13": ""}, {"25": "b0a125ba70a6bed9574197d27aa72463f70f6a00"}], "ctags": [{"_type": "tag", "name": "Base", "path": "/home/kavia/workspace/code-generation/my-music-library-312322-312338/music_player_backend/src/api/models.py", "pattern": "/^class Base(DeclarativeBase):$/", "language": "Python", "kind": "class"}, {"_type": "tag", "name": "Song", "path": "/home/kavia/workspace/code-generation/my-music-library-312322-312338/music_player_backend/src/api/models.py", "pattern": "/^class Song(Base):$/", "language": "Python", "kind": "class"}, {"_type": "tag", "name": "User", "path": "/home/kavia/workspace/code-generation/my-music-library-312322-312338/music_player_backend/src/api/models.py", "pattern": "/^class User(Base):$/", "language": "Python", "kind": "class"}, {"_type": "tag", "name": "__tablename__", "path": "/home/kavia/workspace/code-generation/my-music-library-312322-312338/music_player_backend/src/api/models.py", "pattern": "/^    __tablename__ = \"songs\"$/", "file": true, "language": "Python", "kind": "variable", "scope": "Song", "scopeKind": "class"}, {"_type": "tag", "name": "__tablename__", "path": "/home/kavia/workspace/code-generation/my-music-library-312322-312338/music_player_backend/src/api/models.py", "pattern": "/^    __tablename__ = \"users\"$/", "file": true, "language": "Python", "kind": "variable", "scope": "User", "scopeKind": "class"}, {"_type": "tag", "name": "artist", "path": "/home/kavia/workspace/code-generation/my-music-library-312322-312338/music_player_backend/src/api/models.py", "pattern": "/^    artist: Mapped[str] = mapped_column(Text, nullable=False)$/", "language": "Python", "typeref": "typename:Mapped[str]", "kind": "variable", "scope": "Song", "scopeKind": "class"}, {"_type": "tag", "name": "content_type", "path": "/home/kavia/workspace/code-generation/my-music-library-312322-312338/music_player_backend/src/api/models.py", "pattern": "/^    content_type: Mapped[str] = mapped_column(Text, nullable=False)$/", "language": "Python", "typeref": "typename:Mapped[str]", "kind": "variable", "scope": "Song", "scopeKind": "class"}, {"_type": "tag", "name": "created_at", "path": "/home/kavia/workspace/code-generation/my-music-library-312322-312338/music_player_backend/src/api/models.py", "pattern": "/^    created_at: Mapped[datetime] = mapped_column(DateTime(timezone=True), nullable=False)$/", "language": "Python", "typeref": "typename:Mapped[datetime]", "kind": "variable", "scope": "Song", "scopeKind": "class"}, {"_type": "tag", "name": "created_at", "path": "/home/kavia/workspace/code-generation/my-music-library-312322-312338/music_player_backend/src/api/models.py", "pattern": "/^    created_at: Mapped[datetime] = mapped_column(DateTime(timezone=True), nullable=False)$/", "language": "Python", "typeref": "typename:Mapped[datetime]", "kind": "variable", "scope": "User", "scopeKind": "class"}, {"_type": "tag", "name": "duration_seconds", "path": "/home/kavia/workspace/code-generation/my-music-library-312322-312338/music_player_backend/src/api/models.py", "pattern": "/^    duration_seconds: Mapped[Optional[int]] = mapped_column(Integer, nullable=True)$/", "language": "Python", "typeref": "typename:Mapped[Optional[int]]", "kind": "variable", "scope": "Song", "scopeKind": "class"}, {"_type": "tag", "name": "email", "path": "/home/kavia/workspace/code-generation/my-music-library-312322-312338/music_player_backend/src/api/models.py", "pattern": "/^    email: Mapped[str] = mapped_column(Text, nullable=False, unique=True, index=True)$/", "language": "Python", "typeref": "typename:Mapped[str]", "kind": "variable", "scope": "User", "scopeKind": "class"}, {"_type": "tag", "name": "filename", "path": "/home/kavia/workspace/code-generation/my-music-library-312322-312338/music_player_backend/src/api/models.py", "pattern": "/^    filename: Mapped[str] = mapped_column(Text, nullable=False)$/", "language": "Python", "typeref": "typename:Mapped[str]", "kind": "variable", "scope": "Song", "scopeKind": "class"}, {"_type": "tag", "name": "id", "path": "/home/kavia/workspace/code-generation/my-music-library-312322-312338/music_player_backend/src/api/models.py", "pattern": "/^    id: Mapped[uuid.UUID] = mapped_column(UUID(as_uuid=True), primary_key=True)$/", "language": "Python", "typeref": "typename:Mapped[uuid.UUID]", "kind": "variable", "scope": "Song", "scopeKind": "class"}, {"_type": "tag", "name": "id", "path": "/home/kavia/workspace/code-generation/my-music-library-312322-312338/music_player_backend/src/api/models.py", "pattern": "/^    id: Mapped[uuid.UUID] = mapped_column(UUID(as_uuid=True), primary_key=True)$/", "language": "Python", "typeref": "typename:Mapped[uuid.UUID]", "kind": "variable", "scope": "User", "scopeKind": "class"}, {"_type": "tag", "name": "password_hash", "path": "/home/kavia/workspace/code-generation/my-music-library-312322-312338/music_player_backend/src/api/models.py", "pattern": "/^    password_hash: Mapped[str] = mapped_column(Text, nullable=False)$/", "language": "Python", "typeref": "typename:Mapped[str]", "kind": "variable", "scope": "User", "scopeKind": "class"}, {"_type": "tag", "name": "size_bytes", "path": "/home/kavia/workspace/code-generation/my-music-library-312322-312338/music_player_backend/src/api/models.py", "pattern": "/^    size_bytes: Mapped[int] = mapped_column(BIGINT, nullable=False)$/", "language": "Python", "typeref": "typename:Mapped[int]", "kind": "variable", "scope": "Song", "scopeKind": "class"}, {"_type": "tag", "name": "songs", "path": "/home/kavia/workspace/code-generation/my-music-library-312322-312338/music_player_backend/src/api/models.py", "pattern": "/^    songs: Mapped[list[\"Song\"]] = relationship($/", "language": "Python", "typeref": "typename:Mapped[list[\"Song\"]]", "kind": "variable", "scope": "User", "scopeKind": "class"}, {"_type": "tag", "name": "title", "path": "/home/kavia/workspace/code-generation/my-music-library-312322-312338/music_player_backend/src/api/models.py", "pattern": "/^    title: Mapped[str] = mapped_column(Text, nullable=False)$/", "language": "Python", "typeref": "typename:Mapped[str]", "kind": "variable", "scope": "Song", "scopeKind": "class"}, {"_type": "tag", "name": "user", "path": "/home/kavia/workspace/code-generation/my-music-library-312322-312338/music_player_backend/src/api/models.py", "pattern": "/^    user: Mapped[User] = relationship(\"User\", back_populates=\"songs\")$/", "language": "Python", "typeref": "typename:Mapped[User]", "kind": "variable", "scope": "Song", "scopeKind": "class"}, {"_type": "tag", "name": "user_id", "path": "/home/kavia/workspace/code-generation/my-music-library-312322-312338/music_player_backend/src/api/models.py", "pattern": "/^    user_id: Mapped[uuid.UUID] = mapped_column($/", "language": "Python", "typeref": "typename:Mapped[uuid.UUID]", "kind": "variable", "scope": "Song", "scopeKind": "class"}], "hash": "2a1d8af20a3b1c0348772f423ead6299", "format-version": 4, "code-base-name": "music_player_backend", "filename": "music_player_backend/src/api/models.py", "fields": [{"name": "__tablename__ = \"songs\"", "scope": "Song", "scopeKind": "class", "description": "unavailable"}, {"name": "__tablename__ = \"users\"", "scope": "User", "scopeKind": "class", "description": "unavailable"}, {"name": "Mapped[str] artist", "scope": "Song", "scopeKind": "class", "description": "unavailable"}, {"name": "Mapped[str] content_type", "scope": "Song", "scopeKind": "class", "description": "unavailable"}, {"name": "Mapped[datetime] created_at", "scope": "Song", "scopeKind": "class", "description": "unavailable"}, {"name": "Mapped[Optional[int]] duration_seconds", "scope": "Song", "scopeKind": "class", "description": "unavailable"}, {"name": "Mapped[str] email", "scope": "User", "scopeKind": "class", "description": "unavailable"}, {"name": "Mapped[str] filename", "scope": "Song", "scopeKind": "class", "description": "unavailable"}, {"name": "Mapped[uuid.UUID] id", "scope": "Song", "scopeKind": "class", "description": "unavailable"}, {"name": "Mapped[str] password_hash", "scope": "User", "scopeKind": "class", "description": "unavailable"}, {"name": "Mapped[int] size_bytes", "scope": "Song", "scopeKind": "class", "description": "unavailable"}, {"name": "Mapped[list[\"Song\"]] songs", "scope": "User", "scopeKind": "class", "description": "unavailable"}, {"name": "Mapped[str] title", "scope": "Song", "scopeKind": "class", "description": "unavailable"}, {"name": "Mapped[User] user", "scope": "Song", "scopeKind": "class", "description": "unavailable"}, {"name": "Mapped[uuid.UUID] user_id", "scope": "Song", "scopeKind": "class", "description": "unavailable"}]}