{"is_source_file": true, "format": "Python", "description": "This file provides authentication utilities including password hashing with bcrypt, JWT token creation and validation, and a FastAPI dependency to retrieve the current authenticated user using JWT tokens. It is used for user authentication in a FastAPI backend.", "external_files": ["src.api.db", "src.api.models"], "external_methods": ["get_db_session", "select"], "published": ["hash_password", "verify_password", "create_access_token", "get_current_user"], "classes": [], "methods": [{"name": "str _jwt_secret()", "description": "Retrieves the JWT secret from environment variables, raises error if not set.", "scope": "", "scopeKind": ""}, {"name": "str _jwt_algorithm()", "description": "Retrieves the JWT algorithm from environment variables, defaults to 'HS256'.", "scope": "", "scopeKind": ""}, {"name": "int _jwt_exp_minutes()", "description": "Retrieves JWT token expiry in minutes from environment variables, defaults to 3 days.", "scope": "", "scopeKind": ""}, {"name": "str hash_password(password: str)", "description": "Hashes a plain-text password using bcrypt.", "scope": "", "scopeKind": ""}, {"name": "bool verify_password(password: str, password_hash: str)", "description": "Verifies a plain-text password against a bcrypt hash.", "scope": "", "scopeKind": ""}, {"name": "str create_access_token(*, user_id: uuid.UUID, email: str)", "description": "Creates a JWT token with user ID and email, including expiry.", "scope": "", "scopeKind": ""}, {"name": "Dict[str,Any] _decode_token(token: str)", "description": "Decodes a JWT, raises HTTP 401 unauthorized error if invalid or expired.", "scope": "", "scopeKind": ""}, {"name": "User get_current_user( credentials: Optional[HTTPAuthorizationCredentials] = Depends(_bearer_scheme), )", "description": "FastAPI dependency that retrieves the current authenticated user based on JWT token.", "scope": "", "scopeKind": ""}], "calls": ["jwt.encode", "jwt.decode", "get_db_session", "select", "uuid.UUID", "Datetime.now", "timedelta", "os.getenv", "HTTPException"], "search-terms": ["JWT", "password hashing", "FastAPI auth", "JWT_SECRET", "JWT_ALGORITHM", "JWT_EXPIRES_MINUTES"], "state": 2, "file_id": 7, "knowledge_revision": 23, "git_revision": "b0a125ba70a6bed9574197d27aa72463f70f6a00", "revision_history": [{"16": ""}, {"23": "b0a125ba70a6bed9574197d27aa72463f70f6a00"}], "ctags": [{"_type": "tag", "name": "_bearer_scheme", "path": "/home/kavia/workspace/code-generation/my-music-library-312322-312338/music_player_backend/src/api/auth.py", "pattern": "/^_bearer_scheme = HTTPBearer(auto_error=False)$/", "language": "Python", "kind": "variable"}, {"_type": "tag", "name": "_decode_token", "path": "/home/kavia/workspace/code-generation/my-music-library-312322-312338/music_player_backend/src/api/auth.py", "pattern": "/^def _decode_token(token: str) -> Dict[str, Any]:$/", "language": "Python", "typeref": "typename:Dict[str,Any]", "kind": "function", "signature": "(token: str)"}, {"_type": "tag", "name": "_jwt_algorithm", "path": "/home/kavia/workspace/code-generation/my-music-library-312322-312338/music_player_backend/src/api/auth.py", "pattern": "/^def _jwt_algorithm() -> str:$/", "language": "Python", "typeref": "typename:str", "kind": "function", "signature": "()"}, {"_type": "tag", "name": "_jwt_exp_minutes", "path": "/home/kavia/workspace/code-generation/my-music-library-312322-312338/music_player_backend/src/api/auth.py", "pattern": "/^def _jwt_exp_minutes() -> int:$/", "language": "Python", "typeref": "typename:int", "kind": "function", "signature": "()"}, {"_type": "tag", "name": "_jwt_secret", "path": "/home/kavia/workspace/code-generation/my-music-library-312322-312338/music_player_backend/src/api/auth.py", "pattern": "/^def _jwt_secret() -> str:$/", "language": "Python", "typeref": "typename:str", "kind": "function", "signature": "()"}, {"_type": "tag", "name": "_pwd_context", "path": "/home/kavia/workspace/code-generation/my-music-library-312322-312338/music_player_backend/src/api/auth.py", "pattern": "/^_pwd_context = CryptContext(schemes=[\"bcrypt\"], deprecated=\"auto\")$/", "language": "Python", "kind": "variable"}, {"_type": "tag", "name": "create_access_token", "path": "/home/kavia/workspace/code-generation/my-music-library-312322-312338/music_player_backend/src/api/auth.py", "pattern": "/^def create_access_token(*, user_id: uuid.UUID, email: str) -> str:$/", "language": "Python", "typeref": "typename:str", "kind": "function", "signature": "(*, user_id: uuid.UUID, email: str)"}, {"_type": "tag", "name": "get_current_user", "path": "/home/kavia/workspace/code-generation/my-music-library-312322-312338/music_player_backend/src/api/auth.py", "pattern": "/^def get_current_user($/", "language": "Python", "typeref": "typename:User", "kind": "function", "signature": "( credentials: Optional[HTTPAuthorizationCredentials] = Depends(_bearer_scheme), )"}, {"_type": "tag", "name": "hash_password", "path": "/home/kavia/workspace/code-generation/my-music-library-312322-312338/music_player_backend/src/api/auth.py", "pattern": "/^def hash_password(password: str) -> str:$/", "language": "Python", "typeref": "typename:str", "kind": "function", "signature": "(password: str)"}, {"_type": "tag", "name": "verify_password", "path": "/home/kavia/workspace/code-generation/my-music-library-312322-312338/music_player_backend/src/api/auth.py", "pattern": "/^def verify_password(password: str, password_hash: str) -> bool:$/", "language": "Python", "typeref": "typename:bool", "kind": "function", "signature": "(password: str, password_hash: str)"}], "hash": "80dd7bfc7e5db3537de7604d21094b30", "format-version": 4, "code-base-name": "music_player_backend", "filename": "music_player_backend/src/api/auth.py", "fields": [{"name": "_bearer_scheme = HTTPBearer(auto_error=False)", "scope": "", "scopeKind": "", "description": "unavailable"}, {"name": "_pwd_context = CryptContext(schemes=[\"bcrypt\"], deprecated=\"auto\")", "scope": "", "scopeKind": "", "description": "unavailable"}]}