{"is_source_file": true, "format": "Python", "description": "This file generates and writes the OpenAPI schema for the API defined in the 'app' object to a JSON file.", "external_files": ["src/api/main"], "external_methods": ["app.openapi()"], "published": ["interfaces/openapi.json"], "classes": [], "methods": [], "calls": ["app.openapi()", "os.makedirs()", "json.dump()"], "search-terms": ["generate_openapi", "openapi_schema", "write openapi.json"], "state": 2, "file_id": 1, "knowledge_revision": 8, "git_revision": "457d18cd5603591dd71f7cdbf8cfca9d9d5f2497", "ctags": [{"_type": "tag", "name": "openapi_schema", "path": "/home/kavia/workspace/code-generation/my-music-library-312322-312338/music_player_backend/src/api/generate_openapi.py", "pattern": "/^openapi_schema = app.openapi()$/", "language": "Python", "kind": "variable"}, {"_type": "tag", "name": "output_dir", "path": "/home/kavia/workspace/code-generation/my-music-library-312322-312338/music_player_backend/src/api/generate_openapi.py", "pattern": "/^output_dir = \"interfaces\"$/", "language": "Python", "kind": "variable"}, {"_type": "tag", "name": "output_path", "path": "/home/kavia/workspace/code-generation/my-music-library-312322-312338/music_player_backend/src/api/generate_openapi.py", "pattern": "/^output_path = os.path.join(output_dir, \"openapi.json\")$/", "language": "Python", "kind": "variable"}], "hash": "61e3715e79bc397fab3e70f503a41417", "format-version": 4, "code-base-name": "music_player_backend", "filename": "music_player_backend/src/api/generate_openapi.py", "fields": [{"name": "openapi_schema = app.openapi()", "scope": "", "scopeKind": "", "description": "unavailable"}, {"name": "output_dir = \"interfaces\"", "scope": "", "scopeKind": "", "description": "unavailable"}, {"name": "output_path = os.path.join(output_dir, \"openapi.json\")", "scope": "", "scopeKind": "", "description": "unavailable"}], "revision_history": [{"8": "457d18cd5603591dd71f7cdbf8cfca9d9d5f2497"}]}