{"is_source_file": true, "format": "Python", "description": "This file sets up a FastAPI web server with CORS middleware and a basic health check endpoint.", "external_files": ["fastapi", "fastapi.middleware.cors"], "external_methods": ["FastAPI", "CORSMiddleware"], "published": [], "classes": [], "methods": [{"name": "health_check()", "description": "A simple endpoint that returns a health status message.", "scope": "", "scopeKind": ""}], "calls": ["FastAPI()", "app.add_middleware()", "CORSMiddleware()", "@app.get('/')", "return {'message': 'Healthy'}"], "search-terms": ["FastAPI", "CORS middleware", "health check endpoint", "main.py server setup"], "state": 2, "file_id": 2, "knowledge_revision": 9, "git_revision": "457d18cd5603591dd71f7cdbf8cfca9d9d5f2497", "ctags": [{"_type": "tag", "name": "app", "path": "/home/kavia/workspace/code-generation/my-music-library-312322-312338/music_player_backend/src/api/main.py", "pattern": "/^app = FastAPI()$/", "language": "Python", "kind": "variable"}, {"_type": "tag", "name": "health_check", "path": "/home/kavia/workspace/code-generation/my-music-library-312322-312338/music_player_backend/src/api/main.py", "pattern": "/^def health_check():$/", "language": "Python", "kind": "function", "signature": "()"}], "hash": "58352bf5f133908bab16643199aa483d", "format-version": 4, "code-base-name": "music_player_backend", "filename": "music_player_backend/src/api/main.py", "fields": [{"name": "app = FastAPI()", "scope": "", "scopeKind": "", "description": "unavailable"}], "revision_history": [{"9": "457d18cd5603591dd71f7cdbf8cfca9d9d5f2497"}]}