{"is_source_file": true, "format": "Python", "description": "This is a Python source file defining database connection utilities for the music player backend, including environment-based URL construction, session management, and database connection handling using SQLAlchemy.", "external_files": ["sqlalchemy", "fastapi"], "external_methods": ["create_engine", "sessionmaker", "urlparse", "urlunparse", "HTTPException"], "published": ["get_engine", "get_db_session", "db_session_dep"], "classes": [], "methods": [{"name": "str _redact_sqlalchemy_url(url: str)", "description": "Redacts passwords from SQLAlchemy URLs for safe logging.", "scope": "", "scopeKind": ""}, {"name": "str _normalize_sqlalchemy_database_url(database_url: str)", "description": "Normalizes URLs for compatibility with SQLAlchemy, especially for 'postgres://' to 'postgresql://'.", "scope": "", "scopeKind": ""}, {"name": "str _build_database_url()", "description": "Constructs the database connection URL based on environment variables, supporting various configuration strategies.", "scope": "", "scopeKind": ""}, {"name": "Engine get_engine()", "description": "Lazily initializes and returns the SQLAlchemy engine.", "scope": "", "scopeKind": ""}, {"name": "Generator[Session,None,None] get_db_session()", "description": "Context manager that provides a SQLAlchemy session with proper commit or rollback.", "scope": "", "scopeKind": ""}, {"name": "Generator[Session,None,None] db_session_dep()", "description": "FastAPI dependency that provides a database session with HTTP exception handling for misconfigurations.", "scope": "", "scopeKind": ""}], "calls": ["create_engine", "sessionmaker", "get_engine", "get_db_session", "urlparse", "urlunparse", "logger.info", "raise RuntimeError", "raise HTTPException"], "search-terms": ["SQLAlchemy database URL construction", "FastAPI database dependency", "PostgreSQL environment configuration", "session management", "database connection utility"], "state": 2, "file_id": 5, "knowledge_revision": 65, "git_revision": "a52484a1bcb22f504e04295d03e5729510155c91", "revision_history": [{"11": ""}, {"24": "b0a125ba70a6bed9574197d27aa72463f70f6a00"}, {"39": "b0a125ba70a6bed9574197d27aa72463f70f6a00"}, {"40": "b0a125ba70a6bed9574197d27aa72463f70f6a00"}, {"41": "b0a125ba70a6bed9574197d27aa72463f70f6a00"}, {"42": "1557003ce32402515df7320065bef2a8083270a7"}, {"43": "a52484a1bcb22f504e04295d03e5729510155c91"}, {"65": "a52484a1bcb22f504e04295d03e5729510155c91"}], "ctags": [{"_type": "tag", "name": "_ENGINE", "path": "/home/kavia/workspace/code-generation/my-music-library-312322-312338/music_player_backend/src/api/db.py", "pattern": "/^_ENGINE: Optional[Engine] = None$/", "language": "Python", "typeref": "typename:Optional[Engine]", "kind": "variable"}, {"_type": "tag", "name": "_SessionLocal", "path": "/home/kavia/workspace/code-generation/my-music-library-312322-312338/music_player_backend/src/api/db.py", "pattern": "/^_SessionLocal: Optional[sessionmaker] = None$/", "language": "Python", "typeref": "typename:Optional[sessionmaker]", "kind": "variable"}, {"_type": "tag", "name": "_build_database_url", "path": "/home/kavia/workspace/code-generation/my-music-library-312322-312338/music_player_backend/src/api/db.py", "pattern": "/^def _build_database_url() -> str:$/", "language": "Python", "typeref": "typename:str", "kind": "function", "signature": "()"}, {"_type": "tag", "name": "_normalize_sqlalchemy_database_url", "path": "/home/kavia/workspace/code-generation/my-music-library-312322-312338/music_player_backend/src/api/db.py", "pattern": "/^def _normalize_sqlalchemy_database_url(database_url: str) -> str:$/", "language": "Python", "typeref": "typename:str", "kind": "function", "signature": "(database_url: str)"}, {"_type": "tag", "name": "_redact_sqlalchemy_url", "path": "/home/kavia/workspace/code-generation/my-music-library-312322-312338/music_player_backend/src/api/db.py", "pattern": "/^def _redact_sqlalchemy_url(url: str) -> str:$/", "language": "Python", "typeref": "typename:str", "kind": "function", "signature": "(url: str)"}, {"_type": "tag", "name": "db_session_dep", "path": "/home/kavia/workspace/code-generation/my-music-library-312322-312338/music_player_backend/src/api/db.py", "pattern": "/^def db_session_dep() -> Generator[Session, None, None]:$/", "language": "Python", "typeref": "typename:Generator[Session,None,None]", "kind": "function", "signature": "()"}, {"_type": "tag", "name": "get_db_session", "path": "/home/kavia/workspace/code-generation/my-music-library-312322-312338/music_player_backend/src/api/db.py", "pattern": "/^def get_db_session() -> Generator[Session, None, None]:$/", "language": "Python", "typeref": "typename:Generator[Session,None,None]", "kind": "function", "signature": "()"}, {"_type": "tag", "name": "get_engine", "path": "/home/kavia/workspace/code-generation/my-music-library-312322-312338/music_player_backend/src/api/db.py", "pattern": "/^def get_engine() -> Engine:$/", "language": "Python", "typeref": "typename:Engine", "kind": "function", "signature": "()"}, {"_type": "tag", "name": "logger", "path": "/home/kavia/workspace/code-generation/my-music-library-312322-312338/music_player_backend/src/api/db.py", "pattern": "/^logger = logging.getLogger(__name__)$/", "language": "Python", "kind": "variable"}], "hash": "029a45331fe87e9a7e60fb7b7cb13349", "format-version": 4, "code-base-name": "music_player_backend", "filename": "music_player_backend/src/api/db.py", "fields": [{"name": "Optional[Engine] _ENGINE", "scope": "", "scopeKind": "", "description": "unavailable"}, {"name": "Optional[sessionmaker] _SessionLocal", "scope": "", "scopeKind": "", "description": "unavailable"}, {"name": "logger = logging.getLogger(__name__)", "scope": "", "scopeKind": "", "description": "unavailable"}]}