{"is_source_file": true, "format": "Python", "description": "Pydantic models for API request/response schemas related to music songs, including SongResponse and SongUploadResponse classes.", "external_files": ["pydantic"], "external_methods": [], "published": ["SongResponse", "SongUploadResponse"], "classes": [{"name": "SongResponse", "description": "Pydantic model representing the response structure for a song, including its UUID, title, artist, creation timestamp, size, and content type."}, {"name": "SongUploadResponse", "description": "Pydantic model representing the response after uploading a song, including its UUID, title, artist, filename, content type, size, optional duration, and creation timestamp."}], "methods": [], "calls": [], "search-terms": ["Pydantic models", "schemas", "SongResponse", "SongUploadResponse", "api schemas"], "state": 2, "file_id": 8, "knowledge_revision": 32, "git_revision": "b0a125ba70a6bed9574197d27aa72463f70f6a00", "revision_history": [{"17": ""}, {"32": "b0a125ba70a6bed9574197d27aa72463f70f6a00"}], "ctags": [{"_type": "tag", "name": "SongResponse", "path": "/home/kavia/workspace/code-generation/my-music-library-312322-312338/music_player_backend/src/api/schemas.py", "pattern": "/^class SongResponse(BaseModel):$/", "language": "Python", "kind": "class"}, {"_type": "tag", "name": "SongUploadResponse", "path": "/home/kavia/workspace/code-generation/my-music-library-312322-312338/music_player_backend/src/api/schemas.py", "pattern": "/^class SongUploadResponse(BaseModel):$/", "language": "Python", "kind": "class"}, {"_type": "tag", "name": "artist", "path": "/home/kavia/workspace/code-generation/my-music-library-312322-312338/music_player_backend/src/api/schemas.py", "pattern": "/^    artist: str = Field(..., description=\"Song artist.\")$/", "language": "Python", "typeref": "typename:str", "kind": "variable", "scope": "SongResponse", "scopeKind": "class"}, {"_type": "tag", "name": "artist", "path": "/home/kavia/workspace/code-generation/my-music-library-312322-312338/music_player_backend/src/api/schemas.py", "pattern": "/^    artist: str = Field(..., description=\"Song artist.\")$/", "language": "Python", "typeref": "typename:str", "kind": "variable", "scope": "SongUploadResponse", "scopeKind": "class"}, {"_type": "tag", "name": "content_type", "path": "/home/kavia/workspace/code-generation/my-music-library-312322-312338/music_player_backend/src/api/schemas.py", "pattern": "/^    content_type: str = Field(..., description=\"Content type stored at upload time.\")$/", "language": "Python", "typeref": "typename:str", "kind": "variable", "scope": "SongResponse", "scopeKind": "class"}, {"_type": "tag", "name": "content_type", "path": "/home/kavia/workspace/code-generation/my-music-library-312322-312338/music_player_backend/src/api/schemas.py", "pattern": "/^    content_type: str = Field(..., description=\"Uploaded content type.\")$/", "language": "Python", "typeref": "typename:str", "kind": "variable", "scope": "SongUploadResponse", "scopeKind": "class"}, {"_type": "tag", "name": "created_at", "path": "/home/kavia/workspace/code-generation/my-music-library-312322-312338/music_player_backend/src/api/schemas.py", "pattern": "/^    created_at: datetime = Field(..., description=\"Creation timestamp.\")$/", "language": "Python", "typeref": "typename:datetime", "kind": "variable", "scope": "SongResponse", "scopeKind": "class"}, {"_type": "tag", "name": "created_at", "path": "/home/kavia/workspace/code-generation/my-music-library-312322-312338/music_player_backend/src/api/schemas.py", "pattern": "/^    created_at: datetime = Field(..., description=\"Creation timestamp.\")$/", "language": "Python", "typeref": "typename:datetime", "kind": "variable", "scope": "SongUploadResponse", "scopeKind": "class"}, {"_type": "tag", "name": "duration_seconds", "path": "/home/kavia/workspace/code-generation/my-music-library-312322-312338/music_player_backend/src/api/schemas.py", "pattern": "/^    duration_seconds: Optional[int] = Field(None, description=\"Duration in seconds if known.\")$/", "language": "Python", "typeref": "typename:Optional[int]", "kind": "variable", "scope": "SongUploadResponse", "scopeKind": "class"}, {"_type": "tag", "name": "filename", "path": "/home/kavia/workspace/code-generation/my-music-library-312322-312338/music_player_backend/src/api/schemas.py", "pattern": "/^    filename: str = Field(..., description=\"Stored filename (server-side).\")$/", "language": "Python", "typeref": "typename:str", "kind": "variable", "scope": "SongUploadResponse", "scopeKind": "class"}, {"_type": "tag", "name": "id", "path": "/home/kavia/workspace/code-generation/my-music-library-312322-312338/music_player_backend/src/api/schemas.py", "pattern": "/^    id: uuid.UUID = Field(..., description=\"Created song UUID.\")$/", "language": "Python", "typeref": "typename:uuid.UUID", "kind": "variable", "scope": "SongUploadResponse", "scopeKind": "class"}, {"_type": "tag", "name": "id", "path": "/home/kavia/workspace/code-generation/my-music-library-312322-312338/music_player_backend/src/api/schemas.py", "pattern": "/^    id: uuid.UUID = Field(..., description=\"Song UUID.\")$/", "language": "Python", "typeref": "typename:uuid.UUID", "kind": "variable", "scope": "SongResponse", "scopeKind": "class"}, {"_type": "tag", "name": "size_bytes", "path": "/home/kavia/workspace/code-generation/my-music-library-312322-312338/music_player_backend/src/api/schemas.py", "pattern": "/^    size_bytes: int = Field(..., description=\"File size in bytes.\")$/", "language": "Python", "typeref": "typename:int", "kind": "variable", "scope": "SongResponse", "scopeKind": "class"}, {"_type": "tag", "name": "size_bytes", "path": "/home/kavia/workspace/code-generation/my-music-library-312322-312338/music_player_backend/src/api/schemas.py", "pattern": "/^    size_bytes: int = Field(..., description=\"Size in bytes.\")$/", "language": "Python", "typeref": "typename:int", "kind": "variable", "scope": "SongUploadResponse", "scopeKind": "class"}, {"_type": "tag", "name": "title", "path": "/home/kavia/workspace/code-generation/my-music-library-312322-312338/music_player_backend/src/api/schemas.py", "pattern": "/^    title: str = Field(..., description=\"Song title.\")$/", "language": "Python", "typeref": "typename:str", "kind": "variable", "scope": "SongResponse", "scopeKind": "class"}, {"_type": "tag", "name": "title", "path": "/home/kavia/workspace/code-generation/my-music-library-312322-312338/music_player_backend/src/api/schemas.py", "pattern": "/^    title: str = Field(..., description=\"Song title.\")$/", "language": "Python", "typeref": "typename:str", "kind": "variable", "scope": "SongUploadResponse", "scopeKind": "class"}], "hash": "9b4bd716ed4c2af2df82f51b80912fb9", "format-version": 4, "code-base-name": "music_player_backend", "filename": "music_player_backend/src/api/schemas.py", "fields": [{"name": "str artist", "scope": "SongResponse", "scopeKind": "class", "description": "unavailable"}, {"name": "str content_type", "scope": "SongResponse", "scopeKind": "class", "description": "unavailable"}, {"name": "datetime created_at", "scope": "SongResponse", "scopeKind": "class", "description": "unavailable"}, {"name": "Optional[int] duration_seconds", "scope": "SongUploadResponse", "scopeKind": "class", "description": "unavailable"}, {"name": "str filename", "scope": "SongUploadResponse", "scopeKind": "class", "description": "unavailable"}, {"name": "uuid.UUID id", "scope": "SongUploadResponse", "scopeKind": "class", "description": "unavailable"}, {"name": "int size_bytes", "scope": "SongResponse", "scopeKind": "class", "description": "unavailable"}, {"name": "str title", "scope": "SongResponse", "scopeKind": "class", "description": "unavailable"}]}