{"is_source_file": true, "format": "Python", "description": "This file provides database utility functions for the music player backend project, including environment variable-based configuration and session management using SQLAlchemy 2.0.", "external_files": ["sqlalchemy", "os"], "external_methods": ["create_engine", "sessionmaker"], "published": ["get_engine", "get_db_session"], "classes": [], "methods": [{"name": "str _build_database_url()", "description": "Constructs a SQLAlchemy database URL from environment variables, supporting full URL or individual parameters.", "scope": "", "scopeKind": ""}, {"name": "Engine get_engine()", "description": "Returns a lazily created SQLAlchemy engine instance.", "scope": "", "scopeKind": ""}, {"name": "Generator[Session,None,None] get_db_session()", "description": "Provides a transactional SQLAlchemy session, managing commit and rollback.", "scope": "", "scopeKind": ""}], "calls": ["create_engine", "sessionmaker", "os.getenv"], "search-terms": ["Database utility", "SQLAlchemy 2.0", "session management", "environment variable configuration", "postgresql connection"], "state": 2, "file_id": 5, "knowledge_revision": 24, "git_revision": "b0a125ba70a6bed9574197d27aa72463f70f6a00", "revision_history": [{"11": ""}, {"24": "b0a125ba70a6bed9574197d27aa72463f70f6a00"}], "ctags": [{"_type": "tag", "name": "_ENGINE", "path": "/home/kavia/workspace/code-generation/my-music-library-312322-312338/music_player_backend/src/api/db.py", "pattern": "/^_ENGINE: Optional[Engine] = None$/", "language": "Python", "typeref": "typename:Optional[Engine]", "kind": "variable"}, {"_type": "tag", "name": "_SessionLocal", "path": "/home/kavia/workspace/code-generation/my-music-library-312322-312338/music_player_backend/src/api/db.py", "pattern": "/^_SessionLocal: Optional[sessionmaker] = None$/", "language": "Python", "typeref": "typename:Optional[sessionmaker]", "kind": "variable"}, {"_type": "tag", "name": "_build_database_url", "path": "/home/kavia/workspace/code-generation/my-music-library-312322-312338/music_player_backend/src/api/db.py", "pattern": "/^def _build_database_url() -> str:$/", "language": "Python", "typeref": "typename:str", "kind": "function", "signature": "()"}, {"_type": "tag", "name": "get_db_session", "path": "/home/kavia/workspace/code-generation/my-music-library-312322-312338/music_player_backend/src/api/db.py", "pattern": "/^def get_db_session() -> Generator[Session, None, None]:$/", "language": "Python", "typeref": "typename:Generator[Session,None,None]", "kind": "function", "signature": "()"}, {"_type": "tag", "name": "get_engine", "path": "/home/kavia/workspace/code-generation/my-music-library-312322-312338/music_player_backend/src/api/db.py", "pattern": "/^def get_engine() -> Engine:$/", "language": "Python", "typeref": "typename:Engine", "kind": "function", "signature": "()"}], "hash": "6baecfc7b7f292fc140fa71647968f7e", "format-version": 4, "code-base-name": "music_player_backend", "filename": "music_player_backend/src/api/db.py", "fields": [{"name": "Optional[Engine] _ENGINE", "scope": "", "scopeKind": "", "description": "unavailable"}, {"name": "Optional[sessionmaker] _SessionLocal", "scope": "", "scopeKind": "", "description": "unavailable"}]}