{"is_source_file": true, "format": "Python", "description": "This file defines Pydantic models for API request and response schemas related to authentication and music song data.", "external_files": ["pydantic", "uuid", "datetime"], "external_methods": [], "published": ["AuthRegisterRequest", "AuthLoginRequest", "AuthTokenResponse", "SongResponse", "SongUploadResponse"], "classes": [{"name": "AuthRegisterRequest", "description": "Request schema for user registration, requiring email and password."}, {"name": "AuthLoginRequest", "description": "Request schema for user login, requiring email and password."}, {"name": "AuthTokenResponse", "description": "Response schema providing an authentication token and token type."}, {"name": "SongResponse", "description": "Response schema representing song details."}, {"name": "SongUploadResponse", "description": "Response schema for uploaded song information."}], "methods": [], "calls": [], "search-terms": ["Pydantic models", "API schemas", "AuthRegisterRequest", "SongResponse", "schemas.py"], "state": 2, "file_id": 8, "knowledge_revision": 17, "git_revision": "", "ctags": [{"_type": "tag", "name": "AuthLoginRequest", "path": "/home/kavia/workspace/code-generation/my-music-library-312322-312338/music_player_backend/src/api/schemas.py", "pattern": "/^class AuthLoginRequest(BaseModel):$/", "language": "Python", "kind": "class"}, {"_type": "tag", "name": "AuthRegisterRequest", "path": "/home/kavia/workspace/code-generation/my-music-library-312322-312338/music_player_backend/src/api/schemas.py", "pattern": "/^class AuthRegisterRequest(BaseModel):$/", "language": "Python", "kind": "class"}, {"_type": "tag", "name": "AuthTokenResponse", "path": "/home/kavia/workspace/code-generation/my-music-library-312322-312338/music_player_backend/src/api/schemas.py", "pattern": "/^class AuthTokenResponse(BaseModel):$/", "language": "Python", "kind": "class"}, {"_type": "tag", "name": "SongResponse", "path": "/home/kavia/workspace/code-generation/my-music-library-312322-312338/music_player_backend/src/api/schemas.py", "pattern": "/^class SongResponse(BaseModel):$/", "language": "Python", "kind": "class"}, {"_type": "tag", "name": "SongUploadResponse", "path": "/home/kavia/workspace/code-generation/my-music-library-312322-312338/music_player_backend/src/api/schemas.py", "pattern": "/^class SongUploadResponse(BaseModel):$/", "language": "Python", "kind": "class"}, {"_type": "tag", "name": "artist", "path": "/home/kavia/workspace/code-generation/my-music-library-312322-312338/music_player_backend/src/api/schemas.py", "pattern": "/^    artist: str = Field(..., description=\"Song artist.\")$/", "language": "Python", "typeref": "typename:str", "kind": "variable", "scope": "SongResponse", "scopeKind": "class"}, {"_type": "tag", "name": "artist", "path": "/home/kavia/workspace/code-generation/my-music-library-312322-312338/music_player_backend/src/api/schemas.py", "pattern": "/^    artist: str = Field(..., description=\"Song artist.\")$/", "language": "Python", "typeref": "typename:str", "kind": "variable", "scope": "SongUploadResponse", "scopeKind": "class"}, {"_type": "tag", "name": "content_type", "path": "/home/kavia/workspace/code-generation/my-music-library-312322-312338/music_player_backend/src/api/schemas.py", "pattern": "/^    content_type: str = Field(..., description=\"Content type stored at upload time.\")$/", "language": "Python", "typeref": "typename:str", "kind": "variable", "scope": "SongResponse", "scopeKind": "class"}, {"_type": "tag", "name": "content_type", "path": "/home/kavia/workspace/code-generation/my-music-library-312322-312338/music_player_backend/src/api/schemas.py", "pattern": "/^    content_type: str = Field(..., description=\"Uploaded content type.\")$/", "language": "Python", "typeref": "typename:str", "kind": "variable", "scope": "SongUploadResponse", "scopeKind": "class"}, {"_type": "tag", "name": "created_at", "path": "/home/kavia/workspace/code-generation/my-music-library-312322-312338/music_player_backend/src/api/schemas.py", "pattern": "/^    created_at: datetime = Field(..., description=\"Creation timestamp.\")$/", "language": "Python", "typeref": "typename:datetime", "kind": "variable", "scope": "SongResponse", "scopeKind": "class"}, {"_type": "tag", "name": "created_at", "path": "/home/kavia/workspace/code-generation/my-music-library-312322-312338/music_player_backend/src/api/schemas.py", "pattern": "/^    created_at: datetime = Field(..., description=\"Creation timestamp.\")$/", "language": "Python", "typeref": "typename:datetime", "kind": "variable", "scope": "SongUploadResponse", "scopeKind": "class"}, {"_type": "tag", "name": "duration_seconds", "path": "/home/kavia/workspace/code-generation/my-music-library-312322-312338/music_player_backend/src/api/schemas.py", "pattern": "/^    duration_seconds: Optional[int] = Field(None, description=\"Duration in seconds if known.\")$/", "language": "Python", "typeref": "typename:Optional[int]", "kind": "variable", "scope": "SongUploadResponse", "scopeKind": "class"}, {"_type": "tag", "name": "email", "path": "/home/kavia/workspace/code-generation/my-music-library-312322-312338/music_player_backend/src/api/schemas.py", "pattern": "/^    email: EmailStr = Field(..., description=\"User email address (unique).\")$/", "language": "Python", "typeref": "typename:EmailStr", "kind": "variable", "scope": "AuthRegisterRequest", "scopeKind": "class"}, {"_type": "tag", "name": "email", "path": "/home/kavia/workspace/code-generation/my-music-library-312322-312338/music_player_backend/src/api/schemas.py", "pattern": "/^    email: EmailStr = Field(..., description=\"User email address.\")$/", "language": "Python", "typeref": "typename:EmailStr", "kind": "variable", "scope": "AuthLoginRequest", "scopeKind": "class"}, {"_type": "tag", "name": "filename", "path": "/home/kavia/workspace/code-generation/my-music-library-312322-312338/music_player_backend/src/api/schemas.py", "pattern": "/^    filename: str = Field(..., description=\"Stored filename (server-side).\")$/", "language": "Python", "typeref": "typename:str", "kind": "variable", "scope": "SongUploadResponse", "scopeKind": "class"}, {"_type": "tag", "name": "id", "path": "/home/kavia/workspace/code-generation/my-music-library-312322-312338/music_player_backend/src/api/schemas.py", "pattern": "/^    id: uuid.UUID = Field(..., description=\"Created song UUID.\")$/", "language": "Python", "typeref": "typename:uuid.UUID", "kind": "variable", "scope": "SongUploadResponse", "scopeKind": "class"}, {"_type": "tag", "name": "id", "path": "/home/kavia/workspace/code-generation/my-music-library-312322-312338/music_player_backend/src/api/schemas.py", "pattern": "/^    id: uuid.UUID = Field(..., description=\"Song UUID.\")$/", "language": "Python", "typeref": "typename:uuid.UUID", "kind": "variable", "scope": "SongResponse", "scopeKind": "class"}, {"_type": "tag", "name": "password", "path": "/home/kavia/workspace/code-generation/my-music-library-312322-312338/music_player_backend/src/api/schemas.py", "pattern": "/^    password: str = Field(..., description=\"User password.\")$/", "language": "Python", "typeref": "typename:str", "kind": "variable", "scope": "AuthLoginRequest", "scopeKind": "class"}, {"_type": "tag", "name": "password", "path": "/home/kavia/workspace/code-generation/my-music-library-312322-312338/music_player_backend/src/api/schemas.py", "pattern": "/^    password: str = Field(..., min_length=6, description=\"User password (min 6 chars).\")$/", "language": "Python", "typeref": "typename:str", "kind": "variable", "scope": "AuthRegisterRequest", "scopeKind": "class"}, {"_type": "tag", "name": "size_bytes", "path": "/home/kavia/workspace/code-generation/my-music-library-312322-312338/music_player_backend/src/api/schemas.py", "pattern": "/^    size_bytes: int = Field(..., description=\"File size in bytes.\")$/", "language": "Python", "typeref": "typename:int", "kind": "variable", "scope": "SongResponse", "scopeKind": "class"}, {"_type": "tag", "name": "size_bytes", "path": "/home/kavia/workspace/code-generation/my-music-library-312322-312338/music_player_backend/src/api/schemas.py", "pattern": "/^    size_bytes: int = Field(..., description=\"Size in bytes.\")$/", "language": "Python", "typeref": "typename:int", "kind": "variable", "scope": "SongUploadResponse", "scopeKind": "class"}, {"_type": "tag", "name": "title", "path": "/home/kavia/workspace/code-generation/my-music-library-312322-312338/music_player_backend/src/api/schemas.py", "pattern": "/^    title: str = Field(..., description=\"Song title.\")$/", "language": "Python", "typeref": "typename:str", "kind": "variable", "scope": "SongResponse", "scopeKind": "class"}, {"_type": "tag", "name": "title", "path": "/home/kavia/workspace/code-generation/my-music-library-312322-312338/music_player_backend/src/api/schemas.py", "pattern": "/^    title: str = Field(..., description=\"Song title.\")$/", "language": "Python", "typeref": "typename:str", "kind": "variable", "scope": "SongUploadResponse", "scopeKind": "class"}, {"_type": "tag", "name": "token", "path": "/home/kavia/workspace/code-generation/my-music-library-312322-312338/music_player_backend/src/api/schemas.py", "pattern": "/^    token: str = Field(..., description=\"JWT access token.\")$/", "language": "Python", "typeref": "typename:str", "kind": "variable", "scope": "AuthTokenResponse", "scopeKind": "class"}, {"_type": "tag", "name": "token_type", "path": "/home/kavia/workspace/code-generation/my-music-library-312322-312338/music_player_backend/src/api/schemas.py", "pattern": "/^    token_type: str = Field(\"bearer\", description=\"Token type for Authorization header.\")$/", "language": "Python", "typeref": "typename:str", "kind": "variable", "scope": "AuthTokenResponse", "scopeKind": "class"}], "hash": "f3b910f694825a38736c8f1492ce3b9e", "format-version": 4, "code-base-name": "music_player_backend", "filename": "music_player_backend/src/api/schemas.py", "fields": [{"name": "str artist", "scope": "SongResponse", "scopeKind": "class", "description": "unavailable"}, {"name": "str content_type", "scope": "SongResponse", "scopeKind": "class", "description": "unavailable"}, {"name": "datetime created_at", "scope": "SongResponse", "scopeKind": "class", "description": "unavailable"}, {"name": "Optional[int] duration_seconds", "scope": "SongUploadResponse", "scopeKind": "class", "description": "unavailable"}, {"name": "EmailStr email", "scope": "AuthRegisterRequest", "scopeKind": "class", "description": "unavailable"}, {"name": "str filename", "scope": "SongUploadResponse", "scopeKind": "class", "description": "unavailable"}, {"name": "uuid.UUID id", "scope": "SongUploadResponse", "scopeKind": "class", "description": "unavailable"}, {"name": "str password", "scope": "AuthLoginRequest", "scopeKind": "class", "description": "unavailable"}, {"name": "int size_bytes", "scope": "SongResponse", "scopeKind": "class", "description": "unavailable"}, {"name": "str title", "scope": "SongResponse", "scopeKind": "class", "description": "unavailable"}, {"name": "str token", "scope": "AuthTokenResponse", "scopeKind": "class", "description": "unavailable"}, {"name": "str token_type", "scope": "AuthTokenResponse", "scopeKind": "class", "description": "unavailable"}], "revision_history": [{"17": ""}]}