{"is_source_file": false, "format": "", "description": "", "external_files": [], "external_methods": [], "published": [], "classes": [], "methods": [], "calls": [], "search-terms": [], "state": 2, "file_id": 4, "knowledge_revision": 6, "git_revision": "8f47e9e2524679f5440755ac494a24cf7f0a509a", "hash": "1d0d4e048ee6e218bae5c144b945e3ac", "format-version": 4, "code-base-name": "music_player_backend", "filename": "README.md", "revision_history": [{"6": "8f47e9e2524679f5440755ac494a24cf7f0a509a"}]}